{
  "ACTION_ATIP_Templates.md": {
    "mtime": 1782794674.430394,
    "sha256": "a7d6ec9faf4bd81339ed65ae4e204f1a817c4a58b70989922a2b8c11372ca03c",
    "size": 23303
  },
  "ACTION_Competition_Act_Complaint_Framework.md": {
    "mtime": 1782794674.4391322,
    "sha256": "9255ee65dc9c51a36a19288f8f49752b80a986fdd890a3a57365d2cb8fbad791",
    "size": 11731
  },
  "ACTION_Draft_Ethics_Complaint_Duclos.md": {
    "mtime": 1782794674.4152052,
    "sha256": "06778d7d2c7cfbcee3c6811b3d2549fdcf63d32758770a6110764e320a322b20",
    "size": 10130
  },
  "ACTION_Master_Summary.md": {
    "mtime": 1782794674.373343,
    "sha256": "294f2b5806352f9c61673f500e934ec4efa29d90b81091b1be5b24aa1e31555f",
    "size": 6565
  },
  "ACTION_Political_Donations_Cross_Reference.md": {
    "mtime": 1782794674.394005,
    "sha256": "9b1230b97be41b3f3e1838ce4ca1fc04c541a9a598f1218db2e6c8ffd056201b",
    "size": 13243
  },
  "ACTION_Private_Prosecution_Framework.md": {
    "mtime": 1782794674.4265292,
    "sha256": "6aa037e87f6ada7a760db8abf36571cdd6460ef129ff37775e5f476c58ef33ac",
    "size": 12279
  },
  "ACTION_Sakamoto_Class_Action_Intervention.md": {
    "mtime": 1782794674.384779,
    "sha256": "689a52d9be6c6f48185737f7e79cb560a3a1d571079a15923969c1dffd65c303",
    "size": 7788
  },
  "ATIP_REQUEST_TEMPLATES.md": {
    "mtime": 1782771235.2143538,
    "sha256": "676df56b415efe76ee905b17e3cbf95ae3ab14ea8eba0bc12f2d909e6c618fb7",
    "size": 10133
  },
  "BROOKFIELD_PARLIAMENTARY_SCRUTINY.md": {
    "mtime": 1782771141.2656982,
    "sha256": "bca9969aa573742159e5865ed50dab48a70199453e0fd3e4b995a0c69c3d0f46",
    "size": 4103
  },
  "CANADA_2126_DYSTOPIA.md": {
    "mtime": 1782771327.6958866,
    "sha256": "e3807d016dc2690b38639b0d0fcff1a4cabadc52ec578ca7c3add4217cdb7271",
    "size": 11265
  },
  "CITATION_STANDARD.md": {
    "mtime": 1782793280.2622976,
    "sha256": "366f22a6b27cee8c423e28b37f93e37a1ac8cf468820935142563c68959039df",
    "size": 5249
  },
  "CORPORATE_TAX_REFORM_ANALYSIS.md": {
    "mtime": 1782794674.3877103,
    "sha256": "a19751dd6ec4853d27e3fe51fbc256b3073165496e35347a55699f022b1e5429",
    "size": 11732
  },
  "Common_Law_References_Legal_Precedents.md": {
    "mtime": 1782794674.432473,
    "sha256": "acf4787bfc85f3794ee79799ea5707a2a300c0350925db7edb8503dd40902399",
    "size": 17721
  },
  "Corporate_Pharma_WHO_Evidence.md": {
    "mtime": 1782791440.9888532,
    "sha256": "08a3ce9455f769c477ed9d69e803c5a7a57ad336be5f465e026945f40437a22f",
    "size": 17389
  },
  "ELECTIONS_CANADA_MINING_REPORT.md": {
    "mtime": 1782792869.6423376,
    "sha256": "ec750971a50471de01d923f78cf2e5321a4d4ca8a5acc4cae81f8a7e0f41dbde",
    "size": 9278
  },
  "ETHICS_DISCLOSURES_INVESTIGATION.md": {
    "mtime": 1782771198.372477,
    "sha256": "2098c0300cf7288d50a159ff0fe3b3b5fdc0808d76307c9a391a0bcb7df33952",
    "size": 6309
  },
  "EVIDENCE_GAP_AUDIT.md": {
    "mtime": 1782770830.9713528,
    "sha256": "e0da686371d8a3a96fd51459035f8240ff2577d4f42a15a0d6b9b5586c98a249",
    "size": 9290
  },
  "EVIDENCE_VETTING_REPORT.md": {
    "mtime": 1782794674.4412856,
    "sha256": "d7f9b46242e72e4950eca0e903eaed6812b8a810a2b15453fda453dddc2067db",
    "size": 15739
  },
  "FAMILY_NETWORK_INVESTIGATION.md": {
    "mtime": 1782771108.055529,
    "sha256": "f28f054f0060fb1f56da7d1de444f97d024dff522659eb500854c99fd9f87ad5",
    "size": 5433
  },
  "Government_Money_Trail_Evidence.md": {
    "mtime": 1782794674.4069908,
    "sha256": "d508416ce7d1628d8efb704c852e24193cc72637cbe085efd481a544b10f52be",
    "size": 23884
  },
  "LANDSCAPE_Evidence_Verification_Matrix.md": {
    "mtime": 1782794674.447532,
    "sha256": "45f5cb1872d0d6af9844e584a57fa38dd120f0d4327c3840c5ab6bd8a1ecaf9c",
    "size": 14320
  },
  "LANDSCAPE_README.md": {
    "mtime": 1782794674.3795006,
    "sha256": "6cc429f728c660a6ed54da8ba7757646561a76a1aa4ff1cb8de2cd0f7ed78fff",
    "size": 8682
  },
  "LANDSCAPE_The_Ecosystem.md": {
    "mtime": 1782794674.4211514,
    "sha256": "b905c54833896a725c74804e2256534f1cc70c6bc761a2a1b110500264db3740",
    "size": 22896
  },
  "LANDSCAPE_Timeline_Master.md": {
    "mtime": 1782794674.4091861,
    "sha256": "042ad8e1067c2f7f4380ed92bf5c220b49246bee699bf1b1a742202a770670f7",
    "size": 9846
  },
  "LANDSCAPE_Who_is_Who.md": {
    "mtime": 1782794674.3822494,
    "sha256": "a8861be5c4f6608bcbb005d70908dbd3ecf082a4df8eafb0def4921eff5d0486",
    "size": 12386
  },
  "LOBBYING_MEETINGS_ANALYSIS.md": {
    "mtime": 1782771215.1605136,
    "sha256": "dbc8cf20f78534e1ca135ddb1c37e21b934bed71837980fe5f08890f6fb00e70",
    "size": 4182
  },
  "MAPLE_FUND_INVESTIGATION.md": {
    "mtime": 1782771164.504398,
    "sha256": "492a920551e7c1ea15f8871aec86a02592d208b529247deda49c4ae5272b6b7f",
    "size": 3459
  },
  "MASTER_INDICTMENT.md": {
    "mtime": 1782771253.7322743,
    "sha256": "ea16801c0ce0930bb117cd1bd1de27e01627585a82f13bc03b792a12a40c2407",
    "size": 10125
  },
  "NO_ESCAPE.md": {
    "mtime": 1782790658.7822995,
    "sha256": "c1f809e1a55239edadf73529d62fd7ebf6a8eb7140ccd6923e183b94bb35cf89",
    "size": 14980
  },
  "OATH_AND_ALLEGIANCE.md": {
    "mtime": 1782789881.559261,
    "sha256": "2295f73e45daa3878517d9e49c6d8d876e6f2897004779745cb848fe4f69cab8",
    "size": 5948
  },
  "POLITICAL_DONATIONS_ANALYSIS.md": {
    "mtime": 1782771079.099098,
    "sha256": "a0e3a9ec9c1b8de300848b8756c7285bf1de03d4f95863dde4ed25c6428c5a04",
    "size": 3091
  },
  "Pfizer_Patent_Secrecy_Redactions.md": {
    "mtime": 1782794674.4031274,
    "sha256": "0c77959a5c56696e94d11929ca6f02815c2a407e241dd326df94c8705ff1b100",
    "size": 10145
  },
  "PoliticalFinance/od_cntrbtn_de_e.csv": {
    "mtime": 1781775146.0,
    "sha256": "04dd7318407b0e055f37c6c46847668aebadb10e15c7ad7e2d1f53d01f0741b9",
    "size": 3683731350
  },
  "Pre_Pandemic_Connections_The_Platform.md": {
    "mtime": 1782794674.3910139,
    "sha256": "d36eb440639f1aef2caa743ca6cf173bca5da83e96716cf24bd41d8cbd930698",
    "size": 18354
  },
  "REBUTTAL_AND_REFUTATION.md": {
    "mtime": 1782790623.0580528,
    "sha256": "1b93a157f4aa4b58dc3acbd199ece7d282f101a67f64f58faa1dc4acc5dff70d",
    "size": 24926
  },
  "SUBSTANTIATION_The_Platform_Evidence_Pack.md": {
    "mtime": 1782794674.435039,
    "sha256": "f4ac7dd9de5aa05cd5d09a97e9ee0d98927862822ca4dba3cf184afdd68699c7",
    "size": 24335
  },
  "TEN_WORST_ACTIONS.md": {
    "mtime": 1782789852.2428198,
    "sha256": "7124f4a04a34680ca759303d5cb9ee52b2ec258e2e32226012ca344865723498",
    "size": 11212
  },
  "TOP_15_SUBSTANTIATION.md": {
    "mtime": 1782790544.8548834,
    "sha256": "d4900c9b5d659c93cff0d132bee86b320a8818cd716b6d3cb5b0311d324005dc",
    "size": 26545
  },
  "VALIDATED_Pfizer_Secrecy_Claims.md": {
    "mtime": 1782496382.7072737,
    "sha256": "cfbb70766892a9b6033b92382562c41b97564117ee20ac40d3d124abacf8b980",
    "size": 13158
  },
  "VISUAL_EVIDENCE.md": {
    "mtime": 1782771290.561503,
    "sha256": "67a50924a5b0c6eaa5636c549326a474e4acd833443c1dbb8fe8c2482fcfd8a2",
    "size": 13746
  },
  "WORLD_BANK_DATA/world_bank_raw.json": {
    "mtime": 1782550713.1855142,
    "sha256": "c1487e58ca2e6ae752117ffc0d1e21487acf7403673cb204942bd5b7f8f7fd12",
    "size": 1744402
  },
  "WORLD_BANK_DATA/world_bank_summary.csv": {
    "mtime": 1782550713.189294,
    "sha256": "9aef1dad9aa7c83c6a48e2d2a01b66a240b9482c3c35dc849dfa9f669beb8db8",
    "size": 10951
  },
  "elections_contributions.zip": {
    "mtime": 1781768217.0,
    "sha256": "3ce46c778b328611b75a6028ff240bcdf1c896a185b09a8313214bdd06453ad5",
    "size": 202269709
  }
}